"","name","average.between","average.within","wb.ratio","widestgap","dunn2","avg.silwidth","within.cluster.ss","cluster.number","algorithm","season","stream","data"
"1","dtw_C3_LS_growth_avg_s1_3cl",10.8941694495895,4.39930987518272,0.403822420381802,6.82368955779631,1.39934485315797,0.479408203315855,737.785376937668,3,"DTW","s1","C3+LS","growth avg"
"2","dtw_C3_LS_growth_diff_s1_4cl",11.0685654503481,3.73468246408517,0.337413414668628,3.03085057312201,1.76783820437316,0.538495017843476,423.999274986771,4,"DTW","s1","C3+LS","growth diff"
"3","dtw_C3_LS_growth_s1_2cl",16.3086156099523,8.77947236766035,0.538333392461756,8.00014046223482,1.63123810274354,0.443632671689052,2418.07708734004,2,"DTW","s1","C3+LS","growth"
"4","kshape_C3_LS_growth_avg_s1_5cl",10.1087583301107,4.23476138970051,0.41892003462844,6.82368955779631,0.790432196269315,0.47795724679425,555.118747144522,5,"kshape","s1","C3+LS","growth avg"
"5","kshape_C3_LS_growth_diff_s1_4cl",10.8881716190198,4.44787801954946,0.408505502593269,3.49968343798454,1.14618745935168,0.472322635640765,588.507449514396,4,"kshape","s1","C3+LS","growth diff"
"6","kshape_C3_LS_growth_s1_5cl",13.8565930716892,8.94761358051375,0.645729692300404,15.0706840640237,0.809962586256927,0.186484606208911,2310.16946818726,5,"kshape","s1","C3+LS","growth"
