"","name","average.between","average.within","wb.ratio","widestgap","dunn2","avg.silwidth","within.cluster.ss","cluster.number","algorithm","season","stream","data"
"1","tadpole_C3_LS_growth_avg_s1_3cl",10.9117162685315,5.11240590401285,0.468524453733885,3.75005283698709,1.62467416320927,0.41859628457861,801.696325498488,3,"TADpole","s1","C3+LS","growth avg"
"2","tadpole_C3_LS_growth_avg_s1_5cl",10.0316700313568,3.4391631717183,0.342830571676324,3.75005283698709,0.740712136218076,0.451541960603898,380.924700324079,5,"TADpole","s1","C3+LS","growth avg"
"3","tadpole_C3_LS_growth_diff_s1_3cl",11.7930032620664,4.26967030172317,0.362051142261366,3.7475002100448,1.8072532406351,0.613022737296828,558.725738459686,3,"TADpole","s1","C3+LS","growth diff"
"4","tadpole_C3_LS_growth_diff_s1_5cl",11.0355787324418,2.3601671244667,0.213868903633337,3.7475002100448,2.07037436509951,0.652431391435206,162.57352219894,5,"TADpole","s1","C3+LS","growth diff"
"5","tadpole_C3_LS_growth_s1_4cl",14.3560036395322,6.50225459833687,0.452929294363759,9.49632085671394,0.983411054545527,0.318135071783723,1257.79500118253,4,"TADpole","s1","C3+LS","growth"
"6","tadpole_C3_LS_growth_s1_5cl",14.2620475259763,5.87919654541453,0.412226683069624,9.49632085671394,1.11435176012263,0.345304218528949,953.061154620272,5,"TADpole","s1","C3+LS","growth"
