"","name","average.between","average.within","wb.ratio","widestgap","dunn2","avg.silwidth","within.cluster.ss","cluster.number","algorithm","season","stream","data"
"1","kmeans_C3_LS_growth_avg_s1_4cl",10.6150364338327,3.2246554963225,0.303781858538397,2.95808069126805,1.98319212222703,0.554905977273743,363.457517030295,4,"kmeans","s1","C3+LS","growth avg"
"2","kmeans_C3_LS_growth_avg_s1_5cl",10.2633680765688,2.55768766382305,0.249205489342453,2.95808069126805,1.83145694911396,0.579941717365365,231.419238447918,5,"kmeans","s1","C3+LS","growth avg"
"3","kmeans_C3_LS_growth_diff_s1_3cl",11.1944803255463,4.73230438583232,0.422735513236197,3.51098234364351,2.00685854439242,0.493950462517791,712.70377052067,3,"kmeans","s1","C3+LS","growth diff"
"4","kmeans_C3_LS_growth_diff_s1_4cl",10.8823575674273,3.65326616933065,0.335705397171059,3.03085057312201,1.82573299829359,0.530127917876803,413.814248323138,4,"kmeans","s1","C3+LS","growth diff"
"5","kmeans_C3_LS_growth_diff_s1_5cl",10.6318505676733,2.65908461764527,0.250105529674238,2.67244511535375,2.17074707482795,0.606280554690595,216.603988782112,5,"kmeans","s1","C3+LS","growth diff"
"6","kmeans_C3_LS_growth_s1_4cl",15.0773355711172,5.45454137967191,0.361770907992582,8.00014046223482,1.91538575333536,0.482304576205197,908.488950558436,4,"kmeans","s1","C3+LS","growth"
"7","kmeans_C3_LS_growth_s1_5cl",14.7483208675854,4.81582155623919,0.326533549105489,8.43289884624247,1.83109647577542,0.480278990618142,678.321790834502,5,"kmeans","s1","C3+LS","growth"
